EquipmentSerialNumber,EquipmentManufacturer,TripID
85khRYnhXq,Paint4Fun,4961959502
yAWpq2CKM3,Plumbing'r'Us,1490151184
uMtji8fx6Z,GardenTogether,6099674810
ux98VS4hvY,StandardNetworks,2935962044
oQs5pkjQzH,Water!,2715443269
VUCkgPY4rv,ConstructionABC,5741719163
jGnteAPnwa,ElectricDance,770153283
2kFKqJGbDB,Water!,7172825039
ipqkXGg8hV,Paint4Fun,5890504436
aXiKP69wuq,Plumbing'r'Us,986573809
uEv3Ddgyue,GardenTogether,3744605574
UzDTLssWye,StandardNetworks,3993956931
erboahnKtL,Water!,3612612255
6hffz9WKmC,ConstructionABC,967300614
97Bu67A4vk,ElectricDance,2727186223
4XLVhsSFqs,StandardNetworks,3290396800
DS7hEdmF68,Paint4Fun,4880312460
wCzgyGhWXd,Plumbing'r'Us,3422969098
GUz2VmqCKN,GardenTogether,8567773628
gDE5ocLpUg,StandardNetworks,9223852552
DZJ9AWHBjR,Water!,8273792625
8csdriwNfT,ConstructionABC,2541466676
tYbQPDZMSE,ElectricDance,107849348
9iBfTdzeQn,Plumbing'r'Us,8033754141
pwNnihe9hC,Paint4Fun,6736247853
srrUrCVtfq,Paint4Fun,7210031340
zF7FM39MjW,Plumbing'r'Us,7930053660
e8u9RQBtCJ,GardenTogether,1414171471
NVcqoLk2SG,StandardNetworks,2045205967
B2xoSmprx5,Water!,4413909577
Fgvd4pTWEE,ConstructionABC,9819652340
A3xidbezM4,ElectricDance,5462645120
afWJkmoFUe,Paint4Fun,5027834462
mfqceoNrJi,ElectricDance,612031772
oPzaDryK2W,ElectricDance,4357956498
maKWnQYmTd,Paint4Fun,795751184
KTsNP7N4ff,Plumbing'r'Us,182151867
ki4YYdvXoo,GardenTogether,2879818796
B5TCcQ3utS,StandardNetworks,2718443731
RNkYaHnSug,Water!,4954852765
Bas4c5mGzD,ElectricDance,4954852765
stAUu6Gxr6,ConstructionABC,4954852765
K8brJbTSQw,Paint4Fun,4954852765
AhQbQdjFZg,Plumbing'r'Us,182151867
d8X5UZsntc,GardenTogether,5027834462
nqCtRK4cQw,StandardNetworks,7210031340
jkm3ikSZ3u,Water!,3422969098
BGjVo3W9pY,ConstructionABC,8567773628
4B5Db5CZBT,ElectricDance,9223852552
vKNxiYkgEi,GardenTogether,8273792625
i8GMM7W8Mz,ConstructionABC,2541466676
TvxPgJbzeJ,Plumbing'r'Us,107849348
hQT2R7DQDv,Paint4Fun,3422969098
e9JMNCvtY8,Plumbing'r'Us,8567773628
8YxQHraHfV,GardenTogether,9223852552
bRAGwdQeCm,StandardNetworks,8273792625
hNbEWMnvuP,Water!,2541466676
JXNkcJuNbm,ConstructionABC,107849348
29R7xDTDJ4,ElectricDance,2727186223
9KJKXVaeEG,StandardNetworks,2727186223
gj4d2sdk60,Poopers!,3744605574
BGjVo3W9pY,ConstructionABC,7930053660
4B5Db5CZBT,ElectricDance,1414171471
vKNxiYkgEi,GardenTogether,2045205967
i8GMM7W8Mz,ConstructionABC,4413909577
TvxPgJbzeJ,Plumbing'r'Us,9819652340
hQT2R7DQDv,Paint4Fun,5462645120
e9JMNCvtY8,Plumbing'r'Us,5027834462
8YxQHraHfV,GardenTogether,612031772
bRAGwdQeCm,StandardNetworks,4357956498
hNbEWMnvuP,Water!,986573809
JXNkcJuNbm,ConstructionABC,3744605574
29R7xDTDJ4,ElectricDance,3993956931
9KJKXVaeEG,StandardNetworks,3612612255
gj4d2sdk60,Poopers!,967300614
