SerialNumber,DroneName,DroneStatus,DroneAvailable,DroneLocation,WarrantyExpirationDate,ModelNumber,Manufacturer,WarehouseAddress,OrderNumber
M7cPBxV5Eb,OldFaithful,TRUE,TRUE,"26.7437518,37.3011088",2027-11-19,1/7/1900,ForeverDrone,"2639 Quilly Lane, Columbus, OH, 43215",6593097411
PGdChXkjaM,75Dr,TRUE,FALSE,"108.7986202,28.0896014",2026-07-23,1/1/1900,ValueDrone,"109 Andell Road, Columbus, OH, 43215",6813138405
3t5T9qfEJZ,AvgDrone,TRUE,TRUE,"33.7584959,59.4907385",2025-01-20,1/2/1900,DroneFac,"4249 Pringle Drive, Dayton, OH, 45469",1946653969
EpAKGmpSo2,iDrone,TRUE,FALSE,"113.543873,22.198745",2026-10-14,1/6/1900,HitDrone,"2944 Sunny Glen Lane, Cleveland, OH, 44103",2255927780
iFsKGUKtVm,OldFaithful,TRUE,TRUE,"103.949326,29.20817",2027-11-19,1/7/1900,ForeverDrone,"1516 Ingram Street, Dayton, OH, 45408",9667408973
5BokQYhdTE,AvgDrone,TRUE,FALSE,"7.7212169,48.6443358",2025-01-20,1/2/1900,DroneFac,"2639 Quilly Lane, Columbus, OH, 43215",6376528813
xhywCWdXiG,iDrone,TRUE,FALSE,"18.5286275,50.2718641",2026-10-14,1/6/1900,HitDrone,"2944 Sunny Glen Lane, Cleveland, OH, 44103",7613677354
hhznaFc5rX,iDrone,TRUE,TRUE,"5.8978018,43.4945737",2026-10-14,1/6/1900,HitDrone,"2944 Sunny Glen Lane, Cleveland, OH, 44103",7747634498
3EYec67gDT,AvgDrone,TRUE,TRUE,"80.4484871,8.3500276",2025-01-20,1/2/1900,DroneFac,"109 Andell Road, Columbus, OH, 43215",4460137496
jbAEjsXPs3,AvgDrone,TRUE,TRUE,"-48.6891129,-21.7414439",2025-01-20,1/2/1900,DroneFac,"3041 Hiddenview Drive, Cleveland, OH, 44114",8282474959
4Yar9JS2hM,Zipster95,TRUE,TRUE,"-93.1315648,44.9688472",2024-08-26,1/1/1900,DroneFac,"109 Andell Road, Columbus, OH, 43215",6593097411
Uw5ri3cCTA,Zipster95,TRUE,FALSE,"106.454213,29.560254",2024-08-26,1/1/1900,DroneFac,"2639 Quilly Lane, Columbus, OH, 43215",5550545667
UJm6nr3qBr,Not2Bad,TRUE,TRUE,"11.0824912,11.7072355",2024-11-08,1/4/1900,ValueDrone,"3041 Hiddenview Drive, Cleveland, OH, 44114",7130080345
wYbszcsdoC,AvgDrone,TRUE,FALSE,"20.5022109,52.4977237",2025-01-20,1/2/1900,DroneFac,"3041 Hiddenview Drive, Cleveland, OH, 44114",7130080345
Yy3f34XJAr,iDrone,TRUE,TRUE,"-97.4508426,32.7311729",2026-10-14,1/6/1900,HitDrone,"2639 Quilly Lane, Columbus, OH, 43215",5840086649
HgoaLAheW9,OldFaithful,TRUE,TRUE,"111.144319,37.518314",2027-11-19,1/7/1900,ForeverDrone,"2573 James Martin Circle, Columbus, OH, 43085",9667408973
rpFKbzktsP,75Dr,TRUE,TRUE,"109.399141,-7.2634241",2026-07-23,1/1/1900,ValueDrone,"1516 Ingram Street, Dayton, OH, 45408",9604221892
FADnceUKZS,Zipster95,TRUE,TRUE,"119.0110762,-8.4929791",2024-08-26,1/1/1900,DroneFac,"4249 Pringle Drive, Dayton, OH, 45469",6937623208
mwkh3mQaCQ,OldFaithful,TRUE,TRUE,"99.6230001,7.7734885",2027-11-19,1/7/1900,ForeverDrone,"3041 Hiddenview Drive, Cleveland, OH, 44114",7747634498
jjNbW8E4AM,Not2Bad,TRUE,TRUE,"113.38492,22.585397",2024-11-08,1/4/1900,ValueDrone,"4249 Pringle Drive, Dayton, OH, 45469",9604221892
MHxK4HNcbC,OldFaithful,TRUE,FALSE,"16.3904406,50.404284",2027-11-19,1/7/1900,ForeverDrone,"109 Andell Road, Columbus, OH, 43215",6376528813
9FMtD8EMke,OldFaithful,TRUE,TRUE,"118.099562,4.363324",2027-11-19,1/7/1900,ForeverDrone,"1516 Ingram Street, Dayton, OH, 45408",6937623208
JKcGkMWfoT,Zipster95,TRUE,FALSE,"17.99097,50.34349",2024-08-26,1/1/1900,DroneFac,"2573 James Martin Circle, Columbus, OH, 43085",9145799369
C5x4TEr4jU,75Dr,TRUE,TRUE,"116.6988851,24.3482735",2026-07-23,1/1/1900,ValueDrone,"109 Andell Road, Columbus, OH, 43215",2517877483
4zduDv2ga3,Zipster95,TRUE,TRUE,"108.5522531,-6.9375866",2024-08-26,1/1/1900,DroneFac,"1516 Ingram Street, Dayton, OH, 45408",6813138405
8WPTezcKUG,OldFaithful,TRUE,FALSE,"28.8578584,49.9527773",2027-11-19,1/7/1900,ForeverDrone,"2573 James Martin Circle, Columbus, OH, 43085",6376528813
xvQMBcC7wF,Not2Bad,TRUE,TRUE,"118.089425,24.479833",2024-11-08,1/4/1900,ValueDrone,"2573 James Martin Circle, Columbus, OH, 43085",6593097411
AugQEw8AG6,80Dr,TRUE,FALSE,"125.4067749,41.7467513",2026-03-27,1/1/1900,ValueDrone,"2573 James Martin Circle, Columbus, OH, 43085",1946653969
SqDZxbvgSi,OldFaithful,TRUE,TRUE,"-8.5959634,40.8024339",2027-11-19,1/7/1900,ForeverDrone,"2639 Quilly Lane, Columbus, OH, 43215",1444463608
Q2fpSQ7XuQ,Zipster95,TRUE,TRUE,"25.9358367,48.2920787",2024-08-26,1/1/1900,DroneFac,"3041 Hiddenview Drive, Cleveland, OH, 44114",5550545667
8aHr6xzxRj,iDrone,TRUE,TRUE,"10.4024274,63.4400274",2026-10-14,1/6/1900,HitDrone,"4249 Pringle Drive, Dayton, OH, 45469",5550545667
PZYn4M2C6X,75Dr,TRUE,TRUE,"85.908397,52.020802",2026-07-23,1/1/1900,ValueDrone,"4249 Pringle Drive, Dayton, OH, 45469",2255927780
NHcwQM7e3Z,80Dr,TRUE,FALSE,"36.6901351,47.3292629",2026-03-27,1/1/1900,ValueDrone,"1516 Ingram Street, Dayton, OH, 45408",8282474959
qySBK79viH,iDrone,TRUE,TRUE,"108.3534306,-7.365205",2026-10-14,1/6/1900,HitDrone,"2944 Sunny Glen Lane, Cleveland, OH, 44103",5840086649
AsvxDibjDT,80Dr,TRUE,FALSE,"20.7528378,40.0480719",2026-03-27,1/1/1900,ValueDrone,"1516 Ingram Street, Dayton, OH, 45408",1444463608
pwtPLi4iCk,80Dr,TRUE,TRUE,"117.15878,33.259035",2026-03-27,01/01/1900,ValueDrone,"3041 Hiddenview Drive, Cleveland, OH, 44114",5840086649
6n2cxxyCv7,Not2Bad,TRUE,TRUE,"104.00155,30.652181",2024-11-08,1/4/1900,ValueDrone,"2944 Sunny Glen Lane, Cleveland, OH, 44103",9145799369
cJS8TJeiLK,AvgDrone,TRUE,FALSE,"-78.1792434,8.2853585",2025-01-20,1/2/1900,DroneFac,"2573 James Martin Circle, Columbus, OH, 43085",6646292280
onpB67DCz7,iDrone,TRUE,FALSE,"44.018505,49.3268319",2026-10-14,1/6/1900,HitDrone,"2639 Quilly Lane, Columbus, OH, 43215",6646292280
J63haYf29H,AvgDrone,TRUE,FALSE,"-66.8760887,10.4937816",2025-01-20,1/2/1900,DroneFac,"109 Andell Road, Columbus, OH, 43215",7747634498
1111111111,epicdropn,TRUE,TRUE,"107.905562,34.955825",,4,manfact,"4249 Pringle Drive, Dayton, OH, 45469",1133402801
