ModelNumber,Manufacturer,WeightCapacity,DistanceAutonomy,DroneYear,MaxSpeed
1/7/1900,ForeverDrone,11,24,2009,17
1/1/1900,ValueDrone,17,77,2010,6
1/2/1900,DroneFac,20,69,2009,15
1/6/1900,HitDrone,7,66,1993,20
1/1/1900,DroneFac,12,81,1997,20
1/4/1900,ValueDrone,8,93,2007,6
1,manfact,4,63,2009,6
1,MyDrone,11,94,2011,18
2,MyDrone,19,49,1983,5
3,MyDrone,4,63,1997,20
4,MyDrone,12,70,2000,11
5,MyDrone,16,82,2007,17
6,MyDrone,7,24,1973,17
7,MyDrone,7,96,2009,20
8,MyDrone,1,72,1985,20
9,MyDrone,2,25,2001,19
10,MyDrone,16,54,2012,13
11,MyDrone,2,49,2002,13
12,MyDrone,5,69,2013,12
13,MyDrone,20,61,2009,20
