SerialNumber,Manufacturer,EquipmentStatus,EquipmentAvailable,EquipmentLocation,WarrantyExpiration,ModelNumber,WarehouseAddress,OrderNumber
85khRYnhXq,Paint4Fun,TRUE,FALSE,"-122.33,47.61",2022-10-20,0,"109 Andell Road, Columbus, OH, 43215",7747634498
yAWpq2CKM3,Plumbing'r'Us,TRUE,TRUE,"113.8437,-8.113",2024-02-13,4,"1516 Ingram Street, Dayton, OH, 45408",6593097411
uMtji8fx6Z,GardenTogether,TRUE,TRUE,"-39.6105142,-3.741645",2024-03-10,2,"2639 Quilly Lane, Columbus, OH, 43215",7747634498
ux98VS4hvY,StandardNetworks,TRUE,TRUE,"71.486643,30.2102442",2025-10-02,6,"2573 James Martin Circle, Columbus, OH, 43085",6593097411
oQs5pkjQzH,Water!,TRUE,FALSE,"-39.0303806,-3.4142906",2025-02-14,2,"2639 Quilly Lane, Columbus, OH, 43215",7613677354
VUCkgPY4rv,ConstructionABC,TRUE,FALSE,"26.626104,43.3497076",2024-03-01,5,"109 Andell Road, Columbus, OH, 43215",6646292280
jGnteAPnwa,ElectricDance,TRUE,FALSE,"13.1119454,56.1357417",2024-08-21,,"4249 Pringle Drive, Dayton, OH, 45469",8282474959
2kFKqJGbDB,Water!,TRUE,FALSE,"-91.148259,15.0270435",,2,"109 Andell Road, Columbus, OH, 43215",5840086649
ipqkXGg8hV,Paint4Fun,TRUE,TRUE,"-9.2576801,38.7699889",,0,"109 Andell Road, Columbus, OH, 43215",9604221892
aXiKP69wuq,Plumbing'r'Us,TRUE,FALSE,"37.6489954,55.9588361",,4,"4249 Pringle Drive, Dayton, OH, 45469",5550545667
uEv3Ddgyue,GardenTogether,TRUE,TRUE,"-51.3906526,-22.8664464",,2,"2944 Sunny Glen Lane, Cleveland, OH, 44103",6813138405
UzDTLssWye,StandardNetworks,TRUE,TRUE,"-93.3873133,45.0725651",,6,"1516 Ingram Street, Dayton, OH, 45408",1444463608
erboahnKtL,Water!,TRUE,TRUE,"-10.6182477,6.446976",,2,"109 Andell Road, Columbus, OH, 43215",9667408973
6hffz9WKmC,ConstructionABC,TRUE,FALSE,"35.9396453,32.6434902",,5,"1516 Ingram Street, Dayton, OH, 45408",9667408973
97Bu67A4vk,ElectricDance,TRUE,TRUE,"51.5097515,32.5538633",,,"2639 Quilly Lane, Columbus, OH, 43215",1133402801
4XLVhsSFqs,StandardNetworks,TRUE,TRUE,"18.0550026,59.3378401",,6,"2573 James Martin Circle, Columbus, OH, 43085",8282474959
DS7hEdmF68,Paint4Fun,TRUE,FALSE,"27.96979,27.0568",,0,"1516 Ingram Street, Dayton, OH, 45408",6646292280
wCzgyGhWXd,Plumbing'r'Us,TRUE,FALSE,"120.396768,32.5639",,4,"3041 Hiddenview Drive, Cleveland, OH, 44114",1444463608
GUz2VmqCKN,GardenTogether,TRUE,TRUE,"117.2911248,2.8426922",,2,"1516 Ingram Street, Dayton, OH, 45408",6376528813
gDE5ocLpUg,StandardNetworks,TRUE,TRUE,"122.955872,39.704676",,6,"2944 Sunny Glen Lane, Cleveland, OH, 44103",7747634498
DZJ9AWHBjR,Water!,TRUE,FALSE,"17.9879854,59.2689705",,2,"2944 Sunny Glen Lane, Cleveland, OH, 44103",9145799369
8csdriwNfT,ConstructionABC,TRUE,TRUE,"110.942975,27.48051",,5,"3041 Hiddenview Drive, Cleveland, OH, 44114",5840086649
tYbQPDZMSE,ElectricDance,TRUE,TRUE,"-7.1636637,38.8802788",,,"2573 James Martin Circle, Columbus, OH, 43085",7130080345
9iBfTdzeQn,Plumbing'r'Us,TRUE,TRUE,"-73.54837,18.2618642",,4,"2573 James Martin Circle, Columbus, OH, 43085",2255927780
pwNnihe9hC,Paint4Fun,TRUE,TRUE,"20.4745018,52.1474235",,0,"109 Andell Road, Columbus, OH, 43215",1946653969
srrUrCVtfq,Paint4Fun,TRUE,FALSE,"-8.5055146,30.5395376",,0,"2573 James Martin Circle, Columbus, OH, 43085",9604221892
zF7FM39MjW,Plumbing'r'Us,TRUE,FALSE,"118.675675,24.874132",,4,"3041 Hiddenview Drive, Cleveland, OH, 44114",4460137496
e8u9RQBtCJ,GardenTogether,TRUE,TRUE,"-94.6331656,17.9898675",,2,"2639 Quilly Lane, Columbus, OH, 43215",2255927780
NVcqoLk2SG,StandardNetworks,TRUE,TRUE,"107.281417,-6.2404416",,6,"2639 Quilly Lane, Columbus, OH, 43215",9145799369
B2xoSmprx5,Water!,TRUE,TRUE,"136.3670325,34.668335",,2,"2639 Quilly Lane, Columbus, OH, 43215",1444463608
Fgvd4pTWEE,ConstructionABC,TRUE,FALSE,"26.2718021,-32.0078739",,5,"109 Andell Road, Columbus, OH, 43215",1133402801
A3xidbezM4,ElectricDance,TRUE,TRUE,"119.3077,-3.4097",,,"2944 Sunny Glen Lane, Cleveland, OH, 44103",4460137496
afWJkmoFUe,Paint4Fun,TRUE,TRUE,"121.42185,31.189496",,0,"4249 Pringle Drive, Dayton, OH, 45469",6813138405
mfqceoNrJi,ElectricDance,TRUE,TRUE,"4.8413855,44.9447526",,,"109 Andell Road, Columbus, OH, 43215",1946653969
oPzaDryK2W,ElectricDance,TRUE,FALSE,"17.9393289,58.9195438",,,"4249 Pringle Drive, Dayton, OH, 45469",1133402801
maKWnQYmTd,Paint4Fun,TRUE,FALSE,"-97.4252917,20.543509",,0,"2573 James Martin Circle, Columbus, OH, 43085",2255927780
KTsNP7N4ff,Plumbing'r'Us,TRUE,FALSE,"-51.8628399,-29.3827582",,4,"4249 Pringle Drive, Dayton, OH, 45469",6937623208
ki4YYdvXoo,GardenTogether,TRUE,TRUE,"30.5234909,48.534282",,2,"1516 Ingram Street, Dayton, OH, 45408",9604221892
B5TCcQ3utS,StandardNetworks,TRUE,FALSE,"106.7529652,-6.6274275",,6,"1516 Ingram Street, Dayton, OH, 45408",7613677354
RNkYaHnSug,Water!,TRUE,FALSE,"-65.8412017,-17.5467442",,2,"3041 Hiddenview Drive, Cleveland, OH, 44114",5550545667
Bas4c5mGzD,ElectricDance,TRUE,TRUE,"124.674591,0.97319",,,"3041 Hiddenview Drive, Cleveland, OH, 44114",6937623208
stAUu6Gxr6,ConstructionABC,TRUE,TRUE,"135.7515062,34.9540542",,5,"4249 Pringle Drive, Dayton, OH, 45469",8282474959
K8brJbTSQw,Paint4Fun,TRUE,TRUE,"95.4018087,16.2864333",,0,"2639 Quilly Lane, Columbus, OH, 43215",2517877483
AhQbQdjFZg,Plumbing'r'Us,TRUE,TRUE,"97.7578,2.8583",,4,"2944 Sunny Glen Lane, Cleveland, OH, 44103",9667408973
d8X5UZsntc,GardenTogether,TRUE,TRUE,"-6.2694608,32.5958283",,2,"3041 Hiddenview Drive, Cleveland, OH, 44114",7130080345
nqCtRK4cQw,StandardNetworks,TRUE,FALSE,"21.7880154,65.2670135",,6,"4249 Pringle Drive, Dayton, OH, 45469",5550545667
jkm3ikSZ3u,Water!,TRUE,FALSE,"36.5162077,36.1181827",,2,"1516 Ingram Street, Dayton, OH, 45408",6937623208
BGjVo3W9pY,ConstructionABC,TRUE,TRUE,"-5.7405139,6.9827437",,5,"3041 Hiddenview Drive, Cleveland, OH, 44114",7613677354
4B5Db5CZBT,ElectricDance,TRUE,FALSE,"29.4562298,47.535711",,,"2944 Sunny Glen Lane, Cleveland, OH, 44103",6813138405
vKNxiYkgEi,GardenTogether,TRUE,TRUE,"-72.51581,45.21678",,2,"2573 James Martin Circle, Columbus, OH, 43085",2517877483
i8GMM7W8Mz,ConstructionABC,TRUE,FALSE,"19.295048,-28.7523",,5,"2573 James Martin Circle, Columbus, OH, 43085",6593097411
TvxPgJbzeJ,Plumbing'r'Us,TRUE,TRUE,"121.0075554,14.5508865",,4,"3041 Hiddenview Drive, Cleveland, OH, 44114",6376528813
hQT2R7DQDv,Paint4Fun,TRUE,FALSE,"125.136451,42.901533",,0,"2639 Quilly Lane, Columbus, OH, 43215",5840086649
e9JMNCvtY8,Plumbing'r'Us,TRUE,TRUE,"36.8430918,53.4405231",,4,"2944 Sunny Glen Lane, Cleveland, OH, 44103",4460137496
8YxQHraHfV,GardenTogether,TRUE,FALSE,"111.8568586,37.2425649",,2,"2944 Sunny Glen Lane, Cleveland, OH, 44103",1946653969
bRAGwdQeCm,StandardNetworks,TRUE,TRUE,"62.0636608,55.2087523",,6,"109 Andell Road, Columbus, OH, 43215",2517877483
hNbEWMnvuP,Water!,TRUE,FALSE,"110.0926112,-1.2468663",,2,"2573 James Martin Circle, Columbus, OH, 43085",7130080345
JXNkcJuNbm,ConstructionABC,TRUE,TRUE,"42.0223291,45.1253665",,5,"4249 Pringle Drive, Dayton, OH, 45469",2255927780
29R7xDTDJ4,ElectricDance,TRUE,FALSE,"52.7241914,24.1048998",,,"3041 Hiddenview Drive, Cleveland, OH, 44114",4460137496
9KJKXVaeEG,StandardNetworks,TRUE,TRUE,"110.662033,29.423385",,6,"4249 Pringle Drive, Dayton, OH, 45469",6376528813
gj4d2sdk60,Poopers!,TRUE,TRUE,"119.79417,4.89111",,2,"1516 Ingram Street, Dayton, OH, 45408",6593097411
