ModelNumber,Manufacturer,EquipmentTypeName,EquipmentTypeYear,EquipmentTypeWeight,EquipmentTypeType,EquipmentTypeLength,EquipmentTypeWidth,EquipmentTypeHeight,PriceToRent,PriceToOrder
0,Paint4Fun,Painting Essentials,2008,20,Painting,25,68,60,3384,8810
4,Plumbing'r'Us,Clean Those Pipes Package,2019,25,Plumbing,19,87,61,9054,371
2,GardenTogether,Gardening Basics Package,2022,15,Gardening,50,41,33,5535,4004
6,StandardNetworks,ComNetwork Standard Package,2020,40,Computer & Network,37,86,78,856,9771
2,Water!,Water Irrigation Basics Package,2010,10,Watering,61,47,98,5387,1183
5,ConstructionABC,Construction Pack,2023,50,Construction,23,79,82,5540,9535
,ElectricDance,Basic Electricity Pack,2022,25,Electric,49,68,80,2153,9948
2,Poopers!,Pooping Package!,2010,60,Poop,91,22,89,9912,9717
