EquipmentSerialNumber,EquipmentManufacturer,RentalInstanceID
85khRYnhXq,Paint4Fun,1035645807
yAWpq2CKM3,Plumbing'r'Us,5602634509
uMtji8fx6Z,GardenTogether,6722920747
ux98VS4hvY,StandardNetworks,8557186517
oQs5pkjQzH,Water!,3367340200
VUCkgPY4rv,ConstructionABC,6480838653
jGnteAPnwa,ElectricDance,916646246
2kFKqJGbDB,Water!,7162685641
ipqkXGg8hV,Paint4Fun,6025499071
aXiKP69wuq,Plumbing'r'Us,664865615
uEv3Ddgyue,GardenTogether,4246814024
UzDTLssWye,StandardNetworks,1397810114
erboahnKtL,Water!,367145375
6hffz9WKmC,ConstructionABC,3273421177
97Bu67A4vk,ElectricDance,1247343871
4XLVhsSFqs,StandardNetworks,7528478857
DS7hEdmF68,Paint4Fun,4048634968
wCzgyGhWXd,Plumbing'r'Us,245644903
GUz2VmqCKN,GardenTogether,1244503509
gDE5ocLpUg,StandardNetworks,182553175
DZJ9AWHBjR,Water!,1035645807
8csdriwNfT,ConstructionABC,5602634509
tYbQPDZMSE,ElectricDance,6722920747
9iBfTdzeQn,Plumbing'r'Us,8557186517
pwNnihe9hC,Paint4Fun,3367340200
srrUrCVtfq,Paint4Fun,6480838653
zF7FM39MjW,Plumbing'r'Us,916646246
e8u9RQBtCJ,GardenTogether,7162685641
NVcqoLk2SG,StandardNetworks,6025499071
B2xoSmprx5,Water!,664865615
Fgvd4pTWEE,ConstructionABC,4246814024
A3xidbezM4,ElectricDance,1397810114
afWJkmoFUe,Paint4Fun,367145375
mfqceoNrJi,ElectricDance,3273421177
oPzaDryK2W,ElectricDance,1247343871
maKWnQYmTd,Paint4Fun,7528478857
KTsNP7N4ff,Plumbing'r'Us,4048634968
ki4YYdvXoo,GardenTogether,245644903
B5TCcQ3utS,StandardNetworks,1244503509
RNkYaHnSug,Water!,182553175
Bas4c5mGzD,ElectricDance,1035645807
stAUu6Gxr6,ConstructionABC,5602634509
K8brJbTSQw,Paint4Fun,6722920747
AhQbQdjFZg,Plumbing'r'Us,8557186517
d8X5UZsntc,GardenTogether,3367340200
nqCtRK4cQw,StandardNetworks,6480838653
jkm3ikSZ3u,Water!,916646246
BGjVo3W9pY,ConstructionABC,7162685641
4B5Db5CZBT,ElectricDance,6025499071
vKNxiYkgEi,GardenTogether,664865615
i8GMM7W8Mz,ConstructionABC,4246814024
TvxPgJbzeJ,Plumbing'r'Us,1397810114
hQT2R7DQDv,Paint4Fun,367145375
e9JMNCvtY8,Plumbing'r'Us,3273421177
8YxQHraHfV,GardenTogether,1247343871
bRAGwdQeCm,StandardNetworks,7528478857
hNbEWMnvuP,Water!,4048634968
JXNkcJuNbm,ConstructionABC,245644903
29R7xDTDJ4,ElectricDance,1244503509
9KJKXVaeEG,StandardNetworks,182553175
gj4d2sdk60,Poopers!,1035645807
85khRYnhXq,Paint4Fun,4246814024
yAWpq2CKM3,Plumbing'r'Us,1397810114
uMtji8fx6Z,GardenTogether,367145375
ux98VS4hvY,StandardNetworks,3273421177
oQs5pkjQzH,Water!,1247343871
VUCkgPY4rv,ConstructionABC,7528478857
jGnteAPnwa,ElectricDance,4048634968
2kFKqJGbDB,Water!,245644903
ipqkXGg8hV,Paint4Fun,1244503509
aXiKP69wuq,Plumbing'r'Us,182553175
