UserID,MemberStatus,FirstName,LastName,MemberAddress,PhoneNumber,Email,StartDate,WarehouseDistance,CreditCardNumber
1838735992,0,Sven,Doles,64701 Kropf Crossing,597-867-5756,sdoles0@utexas.edu,2023-08-09,7,2343673276
704836076,1,Tulley,Fullalove,110 Aberg Terrace,715-562-2238,tfullalove1@toplist.cz,2023-05-17,4.4,1399620037
5118878411,1,Carleen,Millberg,8 Crest Line Road,988-867-8533,cmillberg2@harvard.edu,2024-01-19,1.7,516262211
2374060969,1,Kahlil,Upwood,2302 Farmco Lane,233-181-8412,kupwood3@timesonline.co.uk,2023-06-04,5.4,7781480252
7697605201,1,Tab,Raithby,96743 Southridge Place,871-979-0817,traithby4@cdbaby.com,2023-04-27,4,3886404862
3093992079,0,Aristotle,Snoddin,52 New Castle Lane,750-285-2580,asnoddin5@newyorker.com,2023-10-04,2.4,3135507882
6883879358,1,Rania,MacDiarmond,4 Riverside Way,397-909-5809,rmacdiarmond6@canalblog.com,2023-05-04,5.3,2113863375
9912576926,0,Amelina,Snewin,97825 Almo Plaza,205-522-3599,asnewin7@baidu.com,2023-03-09,1,1276840691
7519080234,0,Janice,Treace,7124 Moose Street,221-916-0891,jtreace8@theatlantic.com,2023-09-29,2.4,3472139757
399835598,1,Mireielle,Climer,419 Elmside Hill,436-870-5647,mclimer9@umn.edu,2024-02-02,1.5,8758989277
2075521808,1,Ely,Denham,98 Russell Place,384-922-9482,edenhama@chron.com,2023-11-07,4.6,5413545851
294301828,1,Kalli,Sheddan,766 Mcbride Point,359-721-3135,ksheddanb@surveymonkey.com,2024-02-20,5.6,4958773029
4738212443,0,Isa,Bulward,9 Anderson Point,883-908-1920,ibulwardc@discovery.com,2023-10-28,6.1,51997495
1552147452,0,Jobina,Dews,17239 Upham Junction,151-682-3747,jdewsd@xing.com,2024-03-03,9.8,7788532061
6737671829,1,Willie,Ravilious,36264 Vera Drive,783-557-4654,wraviliouse@loc.gov,2023-05-07,6,7271074228
3101299349,0,Nichole,Hubbold,31 Mandrake Court,561-911-5153,nhubboldf@mayoclinic.com,2023-05-03,6.8,1106937082
6713337155,1,Carver,Beeble,69691 Lerdahl Parkway,781-872-0738,cbeebleg@liveinternet.ru,2023-07-21,6.6,5788453380
7613430332,1,Mirelle,Mertgen,1246 Helena Drive,784-409-7288,mmertgenh@squarespace.com,2024-02-23,4.8,498041050
3140509375,1,Rodie,Louiset,19486 Butternut Circle,292-889-5258,rlouiseti@sina.com.cn,2023-11-08,8.6,7308288501
5560365416,0,Jillane,Mustarde,9391 Randy Center,422-248-8179,jmustardej@twitpic.com,2023-04-12,8.2,1648452701
