ReviewID,Content,Rating,ReviewDateTime,UserID,RentalInstanceID,ModelNumber,Manufacturer
9876543210,"I had a satisfactory experience with the product; it fulfilled most of my requirements.",3,2024-03-07 08:15:23,2075521808,7162685641,0,Paint4Fun
1234567890,"The product exceeded my expectations, providing excellent features and functionality.",1,2024-03-07 14:32:45,6883879358,8557186517,4,Plumbing'r'Us
4567890123,"The product is good, but there are some areas that could be improved for a better experience.",4,2024-03-07 18:47:12,3101299349,3273421177,2,GardenTogether
7890123456,"I had an outstanding experience with the product, and it exceeded all my expectations.",2,2024-03-07 09:26:58,5560365416,664865615,6,StandardNetworks
2345678901,"Unfortunately, the product didn't meet my needs as it lacked essential features.",5,2024-03-07 21:10:37,6737671829,6025499071,2,Water!
5678901234,"I had a satisfactory experience with the product; it fulfilled most of my requirements.",1,2024-03-07 12:03:14,7519080234,4048634968,5,ConstructionABC
8901234567,"The product exceeded my expectations, providing excellent features and functionality.",3,2024-03-07 16:28:09,6713337155,245644903,,ElectricDance
3456789012,"The product is good, but there are some areas that could be improved for a better experience.",2,2024-03-07 07:55:21,4738212443,5602634509,2,Poopers!
6789012345,"I had an outstanding experience with the product, and it exceeded all my expectations.",4,2024-03-07 19:39:44,399835598,182553175,0,Paint4Fun
9012345678,"Unfortunately, the product didn't meet my needs as it lacked essential features.",5,2024-03-07 11:14:36,7697605201,6722920747,4,Plumbing'r'Us
5432109876,"I had a satisfactory experience with the product; it fulfilled most of my requirements.",1,2024-03-07 13:48:59,7613430332,1397810114,2,GardenTogether
2109876543,"The product exceeded my expectations, providing excellent features and functionality.",3,2024-03-07 22:04:27,1838735992,4246814024,6,StandardNetworks
8765432109,"The product is good, but there are some areas that could be improved for a better experience.",2,2024-03-07 17:12:03,1552147452,1247343871,2,Water!
3210987654,"I had an outstanding experience with the product, and it exceeded all my expectations.",4,2024-03-07 10:21:50,3140509375,916646246,5,ConstructionABC
4321098765,"Unfortunately, the product didn't meet my needs as it lacked essential features.",5,2024-03-07 23:37:18,6883879358,8557186517,,ElectricDance
1098765432,"I had a satisfactory experience with the product; it fulfilled most of my requirements.",1,2024-03-07 15:05:42,294301828,3367340200,2,Poopers!
7654321098,"The product exceeded my expectations, providing excellent features and functionality.",3,2024-03-07 20:53:06,3101299349,3093992079,0,Paint4Fun
6543210987,"The product is good, but there are some areas that could be improved for a better experience.",2,2024-03-07 06:42:29,6883879358,8557186517,4,Plumbing'r'Us
9876543211,"I had an outstanding experience with the product, and it exceeded all my expectations.",4,2024-03-07 05:19:04,5560365416,6737671829,2,GardenTogether
8901234568,"Unfortunately, the product didn't meet my needs as it lacked essential features.",5,2024-03-07 03:31:50,1552147452,1247343871,6,StandardNetworks
