ID,DepartureDate,ArrivalDate,PickupOrDelivery,TransportationMethod,UserID,WarehouseAddress,DroneSerialNumber,TruckLicensePlate
4961959502,2023-05-21,2024-01-16,0,0,7519080234,"2639 Quilly Lane, Columbus, OH, 43215",M7cPBxV5Eb,NULL
1490151184,2024-02-05,2023-06-23,0,0,1838735992,"2944 Sunny Glen Lane, Cleveland, OH, 44103",hhznaFc5rX,NULL
6099674810,2023-03-29,2023-11-29,0,0,6883879358,"2573 James Martin Circle, Columbus, OH, 43085",JKcGkMWfoT,NULL
2935962044,2023-12-22,2023-08-25,0,0,6737671829,"4249 Pringle Drive, Dayton, OH, 45469",8aHr6xzxRj,NULL
2715443269,2023-11-01,2023-08-18,0,0,4738212443,"2944 Sunny Glen Lane, Cleveland, OH, 44103",6n2cxxyCv7,NULL
5741719163,2023-12-02,2023-06-20,0,0,3140509375,"1516 Ingram Street, Dayton, OH, 45408",9FMtD8EMke,NULL
770153283,2024-01-31,2023-09-18,0,0,1552147452,"2573 James Martin Circle, Columbus, OH, 43085",8WPTezcKUG,NULL
7172825039,2024-01-13,2024-02-09,0,0,5118878411,"3041 Hiddenview Drive, Cleveland, OH, 44114",wYbszcsdoC,NULL
5890504436,2023-12-16,2023-10-20,1,0,2075521808,"2944 Sunny Glen Lane, Cleveland, OH, 44103",EpAKGmpSo2,NULL
986573809,2023-08-07,2023-11-20,1,0,7613430332,"109 Andell Road, Columbus, OH, 43215",PGdChXkjaM,NULL
3744605574,2023-04-12,2023-12-29,0,0,399835598,"4249 Pringle Drive, Dayton, OH, 45469",FADnceUKZS,NULL
3993956931,2024-01-15,2023-12-21,0,0,5560365416,"1516 Ingram Street, Dayton, OH, 45408",9FMtD8EMke,NULL
3612612255,2023-06-18,2023-06-06,0,0,704836076,"2573 James Martin Circle, Columbus, OH, 43085",cJS8TJeiLK,NULL
967300614,2023-11-29,2023-06-11,1,0,294301828,"2639 Quilly Lane, Columbus, OH, 43215",SqDZxbvgSi,NULL
2727186223,2023-07-27,2023-04-18,0,0,1552147452,"2944 Sunny Glen Lane, Cleveland, OH, 44103",6n2cxxyCv7,NULL
3290396800,2023-05-24,2023-08-03,0,1,3101299349,"2573 James Martin Circle, Columbus, OH, 43085",NULL,4Yar9JS2hM
4880312460,2023-10-16,2023-04-15,1,1,3093992079,"2944 Sunny Glen Lane, Cleveland, OH, 44103",NULL,mwkh3mQaCQ
3422969098,2023-06-27,2023-04-04,0,1,6713337155,"4249 Pringle Drive, Dayton, OH, 45469",NULL,JKcGkMWfoT
8567773628,2023-12-29,2024-01-16,1,1,399835598,"2944 Sunny Glen Lane, Cleveland, OH, 44103",NULL,Q2fpSQ7XuQ
9223852552,2023-03-14,2023-12-31,1,1,294301828,"4249 Pringle Drive, Dayton, OH, 45469",NULL,qySBK79viH
8273792625,2023-11-15,2023-07-21,1,1,2075521808,"4249 Pringle Drive, Dayton, OH, 45469",NULL,6n2cxxyCv7
2541466676,2023-07-31,2023-05-09,1,1,4738212443,"2944 Sunny Glen Lane, Cleveland, OH, 44103",NULL,M7cPBxV5Eb
107849348,2023-10-13,2023-04-16,0,1,2374060969,"2573 James Martin Circle, Columbus, OH, 43085",NULL,5BokQYhdTE
8033754141,2023-06-22,2023-05-15,0,1,2374060969,"4249 Pringle Drive, Dayton, OH, 45469",NULL,9FMtD8EMke
6736247853,2023-08-27,2023-06-02,1,1,704836076,"1516 Ingram Street, Dayton, OH, 45408",NULL,pwtPLi4iCk
7210031340,2023-03-08,2023-05-22,1,1,5118878411,"2639 Quilly Lane, Columbus, OH, 43215",NULL,AsvxDibjDT
7930053660,2023-08-04,2023-05-12,0,1,1838735992,"109 Andell Road, Columbus, OH, 43215",NULL,onpB67DCz7
1414171471,2023-05-06,2023-04-19,0,1,7697605201,"2639 Quilly Lane, Columbus, OH, 43215",NULL,MHxK4HNcbC
2045205967,2023-06-27,2023-08-11,1,1,6737671829,"2573 James Martin Circle, Columbus, OH, 43085",NULL,AugQEw8AG6
4413909577,2024-02-19,2024-03-06,0,1,6713337155,"2639 Quilly Lane, Columbus, OH, 43215",NULL,8aHr6xzxRj
9819652340,2023-03-18,2023-05-28,1,1,7697605201,"4249 Pringle Drive, Dayton, OH, 45469",NULL,9FMtD8EMke
5462645120,2023-11-15,2023-06-15,0,1,3140509375,"4249 Pringle Drive, Dayton, OH, 45469",NULL,JKcGkMWfoT
5027834462,2023-03-30,2024-02-12,0,0,3093992079,"2944 Sunny Glen Lane, Cleveland, OH, 44103",xhywCWdXiG,NULL
612031772,2023-11-21,2023-03-30,1,0,6883879358,"2639 Quilly Lane, Columbus, OH, 43215",Yy3f34XJAr,NULL
4357956498,2024-01-23,2023-04-30,1,0,7613430332,"109 Andell Road, Columbus, OH, 43215",MHxK4HNcbC,NULL
795751184,2023-08-01,2023-08-22,1,0,9912576926,"2639 Quilly Lane, Columbus, OH, 43215",SqDZxbvgSi,NULL
182151867,2023-11-18,2024-01-05,0,0,9912576926,"3041 Hiddenview Drive, Cleveland, OH, 44114",jbAEjsXPs3,NULL
2879818796,2023-06-01,2023-08-29,1,0,3101299349,"4249 Pringle Drive, Dayton, OH, 45469",1111111111,NULL
2718443731,2023-03-07,2023-10-11,0,0,5560365416,"4249 Pringle Drive, Dayton, OH, 45469",8aHr6xzxRj,NULL
4954852765,2024-01-06,2023-10-27,0,0,7519080234,"3041 Hiddenview Drive, Cleveland, OH, 44114",jbAEjsXPs3,NULL
