LicensePlate,ModelNumber,TruckYear,TruckStatus,WarehouseAddress,OrderNumber
M7cPBxV5Eb,Titan Hauler,1980,TRUE,"2944 Sunny Glen Lane, Cleveland, OH, 44103",1234567890
PGdChXkjaM,RidgeMaster XLT,1988,TRUE,"2573 James Martin Circle, Columbus, OH, 43085",2345678901
3t5T9qfEJZ,ThunderTrail Pro,1999,FALSE,"2639 Quilly Lane, Columbus, OH, 43215",3456789012
EpAKGmpSo2,TurboTruck Elite,2012,FALSE,"3041 Hiddenview Drive, Cleveland, OH, 44114",4567890123
iFsKGUKtVm,GraniteGrip LX,1994,FALSE,"2639 Quilly Lane, Columbus, OH, 43215",5678901234
5BokQYhdTE,TimberTrek Max,2005,TRUE,"2573 James Martin Circle, Columbus, OH, 43085",6789012345
xhywCWdXiG,FalconForce HD,2009,TRUE,"3041 Hiddenview Drive, Cleveland, OH, 44114",7890123456
hhznaFc5rX,Maverick Hauler,1993,TRUE,"4249 Pringle Drive, Dayton, OH, 45469",8901234567
3EYec67gDT,PowerLift Xpress,2004,FALSE,"109 Andell Road, Columbus, OH, 43215",9012345678
jbAEjsXPs3,SummitTrail Pro,1999,FALSE,"1516 Ingram Street, Dayton, OH, 45408",9876543210
4Yar9JS2hM,VortexMax Ultra,2006,FALSE,"2573 James Martin Circle, Columbus, OH, 43085",8765432109
Uw5ri3cCTA,ThunderHawk X5,2009,TRUE,"2944 Sunny Glen Lane, Cleveland, OH, 44103",7654321098
UJm6nr3qBr,DeltaForce Elite,1998,FALSE,"3041 Hiddenview Drive, Cleveland, OH, 44114",6543210987
wYbszcsdoC,ApexHaul Max,1994,TRUE,"2573 James Martin Circle, Columbus, OH, 43085",5432109876
Yy3f34XJAr,SilverLift Titan,1994,FALSE,"2639 Quilly Lane, Columbus, OH, 43215",4321098765
HgoaLAheW9,ProTruck Thunder,2011,TRUE,"4249 Pringle Drive, Dayton, OH, 45469",3210987654
rpFKbzktsP,TrailBlazer XL,2004,FALSE,"2639 Quilly Lane, Columbus, OH, 43215",2109876543
FADnceUKZS,GranitePeak Titan,1988,FALSE,"3041 Hiddenview Drive, Cleveland, OH, 44114",1098765432
mwkh3mQaCQ,TimberMax Pro,2001,TRUE,"2944 Sunny Glen Lane, Cleveland, OH, 44103",9870123456
jjNbW8E4AM,MaverickTrail Elite,1991,FALSE,"1516 Ingram Street, Dayton, OH, 45408",8769012345
MHxK4HNcbC,ThunderStorm XLT,2006,FALSE,"2639 Quilly Lane, Columbus, OH, 43215",7658901234
9FMtD8EMke,TurboHaul Max,2008,TRUE,"4249 Pringle Drive, Dayton, OH, 45469",6547890123
JKcGkMWfoT,FalconTruck Elite,2012,TRUE,"4249 Pringle Drive, Dayton, OH, 45469",5436789012
C5x4TEr4jU,RidgeTrek HD,2013,TRUE,"4249 Pringle Drive, Dayton, OH, 45469",4325678901
4zduDv2ga3,PowerLift Pro,1985,TRUE,"109 Andell Road, Columbus, OH, 43215",3214567890
8WPTezcKUG,TimberHawk Ultra,1997,FALSE,"2639 Quilly Lane, Columbus, OH, 43215",2103456789
xvQMBcC7wF,SummitForce HDX,2012,FALSE,"4249 Pringle Drive, Dayton, OH, 45469",1092345678
AugQEw8AG6,VortexHaul Xpress,2011,TRUE,"2573 James Martin Circle, Columbus, OH, 43085",9877654321
SqDZxbvgSi,GraniteTrail Elite,2002,TRUE,"109 Andell Road, Columbus, OH, 43215",8766543210
Q2fpSQ7XuQ,DeltaHawk Max,1996,FALSE,"2944 Sunny Glen Lane, Cleveland, OH, 44103",7655432109
8aHr6xzxRj,TimberForce X5,2011,TRUE,"2639 Quilly Lane, Columbus, OH, 43215",6544321098
PZYn4M2C6X,RidgeMax Ultra,1983,FALSE,"2944 Sunny Glen Lane, Cleveland, OH, 44103",5433210987
NHcwQM7e3Z,ApexHawk Pro,2010,FALSE,"2573 James Martin Circle, Columbus, OH, 43085",4322109876
qySBK79viH,ThunderLift XLT,1993,TRUE,"4249 Pringle Drive, Dayton, OH, 45469",3211098765
AsvxDibjDT,MaverickTrail Max,2002,FALSE,"2639 Quilly Lane, Columbus, OH, 43215",2100987654
pwtPLi4iCk,ProTruck Xpress,2011,TRUE,"1516 Ingram Street, Dayton, OH, 45408",1099876543
6n2cxxyCv7,TrailBlazer HD,2007,TRUE,"4249 Pringle Drive, Dayton, OH, 45469",9876543210
cJS8TJeiLK,GraniteStorm Pro,1998,TRUE,"2639 Quilly Lane, Columbus, OH, 43215",8765432109
onpB67DCz7,TimberLift Titan,1984,FALSE,"109 Andell Road, Columbus, OH, 43215",7654321098
J63haYf29H,PowerHawk Elite,1992,TRUE,"2573 James Martin Circle, Columbus, OH, 43085",6543210987
