WarehouseAddress,PhoneNumber,StorageCapacity,Manager,DroneCapacity,TruckCapacity,City
"2639 Quilly Lane, Columbus, OH, 43215",6145856299,213,Ignace Chatelet,91,10,Columbus
"109 Andell Road, Columbus, OH, 43215",6149300109,199,Marnia Genn,70,15,Columbus
"2573 James Martin Circle, Columbus, OH, 43085",6143672630,198,Sibelle Hazeltine,92,13,Columbus
"1516 Ingram Street, Dayton, OH, 45408",9374705168,153,Hester Kyne,52,9,Dayton
"4249 Pringle Drive, Dayton, OH, 45469",9377811636,165,Caralie Coucher,85,4,Dayton
"3041 Hiddenview Drive, Cleveland, OH, 44114",2162079167,168,Sollie Areles,56,21,Cleveland
"2944 Sunny Glen Lane, Cleveland, OH, 44103",2168815347,155,Rochell Vineall,73,17,Cleveland
"61 Cordelia Alley, Columbus, OH, 43210",6997308606,161,Bogart Boshers,99,5,Columbus
"810 Mifflin Drive, Columbus, OH, 43210",1483690362,141,Katherine Cometto,99,6,Columbus
"9743 Hallows Parkway, Columbus, OH, 43210",4195518895,221,Nona Shanks,100,14,Columbus
"89895 Anthes Avenue, Columbus, OH, 43210",5007634797,214,Arne Shorthill,75,17,Columbus
"2555 Shasta Pass, Columbus, OH, 43210",7086629325,241,Lacee Gallamore,56,14,Columbus
"5 Clyde Gallagher Crossing, Columbus, OH, 43210",2233425382,129,Thurston Bartholat,92,14,Columbus
"328 Sutherland Park, Columbus, OH, 43210",7645764208,139,Giordano Ruppertz,71,14,Columbus
"24323 Everett Lane, Columbus, OH, 43210",4116902028,198,Lincoln Ody,93,9,Columbus
"9 Oriole Plaza, Columbus, OH, 43210",2677951193,169,Kori Priden,99,20,Columbus
"91676 High Crossing Alley, Columbus, OH, 43210",3729532699,137,Jackelyn Lowndsbrough,75,11,Columbus
"197 Laurel Street, Columbus, OH, 43210",1607920652,154,Mitchael Doers,91,7,Columbus
"8285 Meadow Ridge Lane, Columbus, OH, 43210",8989660574,234,Faun Dubose,93,8,Columbus
"8 Gulseth Avenue, Columbus, OH, 43210",3183911554,192,Iago Mundie,75,15,Columbus
